AniNum,BmdGcm2,LG,LGLength,LgAvOfl,MG,MGLength,MgAvOfl,PerFat,avMa,avRvO2,fMaxLg,fMaxLgT,fMaxMg,fMaxMgT,femur,femurN,group,ma_1,ma_2,ma_3,ma_4,ma_5,ma_6,ma_7,ma_8,ma_9,ma_10,ma_11,ma_12,ma_13,ma_14,ma_15,ma_16,ma_17,ma_18,ma_19,ma_20,ma_21,ma_22,ma_23,ma_24,ma_25,ma_26,ma_27,ma_28,ma_29,ma_30,ma_31,maAngles_1,maAngles_2,maAngles_3,maAngles_4,maAngles_5,maAngles_6,maAngles_7,maAngles_8,maAngles_9,maAngles_10,maAngles_11,maAngles_12,maAngles_13,maAngles_14,maAngles_15,maAngles_16,maAngles_17,maAngles_18,maAngles_19,maAngles_20,maAngles_21,maAngles_22,maAngles_23,maAngles_24,maAngles_25,maAngles_26,maAngles_27,maAngles_28,maAngles_29,maAngles_30,maAngles_31,mass,maxFAlongTendonLG,maxFAlongTendonMG,maxJump,maxPower,mtuLengLG,mtuLengMG,optPenAngLg,optPenAngMg,sumExtensors,tendonCrossAv,tendonCrossMin,tendonE,tendonForce_1,tendonForce_2,tendonForce_3,tendonForce_4,tendonForce_5,tendonForce_6,tendonForce_7,tendonForce_8,tendonForce_9,tendonForce_10,tendonForce_11,tendonForce_12,tendonForce_13,tendonForce_14,tendonForce_15,tendonForce_16,tendonForce_17,tendonForce_18,tendonForce_19,tendonForce_20,tendonForce_21,tendonForce_22,tendonForce_23,tendonForce_24,tendonForce_25,tendonForce_26,tendonForce_27,tendonForce_28,tendonForceNLG_1,tendonForceNLG_2,tendonForceNLG_3,tendonForceNLG_4,tendonForceNLG_5,tendonForceNLG_6,tendonForceNLG_7,tendonForceNLG_8,tendonForceNLG_9,tendonForceNLG_10,tendonForceNLG_11,tendonForceNLG_12,tendonForceNLG_13,tendonForceNLG_14,tendonForceNLG_15,tendonForceNLG_16,tendonForceNLG_17,tendonForceNLG_18,tendonForceNLG_19,tendonForceNLG_20,tendonForceNLG_21,tendonForceNLG_22,tendonForceNLG_23,tendonForceNLG_24,tendonForceNLG_25,tendonForceNLG_26,tendonForceNLG_27,tendonForceNLG_28,tendonForceNMG_1,tendonForceNMG_2,tendonForceNMG_3,tendonForceNMG_4,tendonForceNMG_5,tendonForceNMG_6,tendonForceNMG_7,tendonForceNMG_8,tendonForceNMG_9,tendonForceNMG_10,tendonForceNMG_11,tendonForceNMG_12,tendonForceNMG_13,tendonForceNMG_14,tendonForceNMG_15,tendonForceNMG_16,tendonForceNMG_17,tendonForceNMG_18,tendonForceNMG_19,tendonForceNMG_20,tendonForceNMG_21,tendonForceNMG_22,tendonForceNMG_23,tendonForceNMG_24,tendonForceNMG_25,tendonForceNMG_26,tendonForceNMG_27,tendonForceNMG_28,tendonK,tendonSlackLengthLGmm,tendonSlackLengthMGmm,tendonStrain_1,tendonStrain_2,tendonStrain_3,tendonStrain_4,tendonStrain_5,tendonStrain_6,tendonStrain_7,tendonStrain_8,tendonStrain_9,tendonStrain_10,tendonStrain_11,tendonStrain_12,tendonStrain_13,tendonStrain_14,tendonStrain_15,tendonStrain_16,tendonStrain_17,tendonStrain_18,tendonStrain_19,tendonStrain_20,tendonStrain_21,tendonStrain_22,tendonStrain_23,tendonStrain_24,tendonStrain_25,tendonStrain_26,tendonStrain_27,tendonStrain_28,tibia,tibiaN,tmt,tmtN,toe,toeN,maxPowerPKg,PE,tendonStrainMaxPe,LgLen,MgLen,PEvals_1,PEvals_2,PEvals_3,maxV,work,peakForce,navRvO2b,treat
751,0.156,11.97,95.7733386583141,0.0339499131943252,12.47,125.862052027416,0.0360084008144784,11.8,0.852887245994825,114.776246157058,99.7862889859426,96.6969680801444,98.0117195762777,97.7583050849974,86.6333333333333,1.07856652341706,B,0.00893226734692915,0.00893726801869278,0.00893896934588099,0.00893737132849379,0.00893247396653117,0.00892427725999314,0.00891278120887969,0.00889798581319082,0.00887989107292654,0.00885849698808684,0.00883380355867172,0.00880581078468119,0.00877451866611524,0.00873992720297387,0.00870203639525709,0.0086608462429649,0.00861635674609729,0.00856856790465426,0.00851747971863581,0.00846309218804195,0.00840540531287267,0.00834441909312798,0.00828013352880787,0.00821254861991235,0.0081416643664414,0.00806748076839505,0.00798999782577327,0.00790921553857608,0.00782513390680348,0.00773775293045545,0.00764707260953201,0.523598775598299,0.558505360638185,0.593411945678072,0.628318530717959,0.663225115757845,0.698131700797732,0.733038285837618,0.767944870877505,0.802851455917392,0.837758040957278,0.872664625997165,0.907571211037051,0.942477796076938,0.977384381116825,1.01229096615671,1.0471975511966,1.08210413623648,1.11701072127637,1.15191730631626,1.18682389135614,1.22173047639603,1.25663706143592,1.2915436464758,1.32645023151569,1.36135681655558,1.39626340159546,1.43116998663535,1.46607657167524,1.50098315671512,1.53588974175501,1.5707963267949,1.8,99.785343030206,98.0116423485314,6.21885373996856,152.0074671,155.451482424187,183.327576652539,0.249481269392539,0.0719259050078679,137.04,5.05828587096774,2.76852167,481704419.211936,0.414130176568272,0.676880947213641,1.38312552748006,2.50885072568413,4.03004335014248,5.92269020917173,8.16277811108848,10.7262938642094,13.589224276851,16.7275561573299,20.1172763139629,23.7343715550664,27.5548286889571,31.5546345239516,35.7097758683666,39.9962395305186,44.3900123187243,48.8670810413002,53.403432506563,57.9750535228293,62.5579308984158,67.128051441639,71.6614019608155,22312.6377054632,22315.0667939611,22317.495882459,29114.0854996391,,0.00415021048174291,0.00678337044959341,0.0138610088964806,0.0251424773368237,0.0403871272850418,0.059354310255554,0.0818033777627796,0.107493681321138,0.136184572445047,0.167635402648928,0.201605523447198,0.237854286354277,0.276141042884585,0.31622514455254,0.357865942872561,0.400822789359068,0.44485503552648,0.489722032889216,0.535183132961695,0.580997687258336,0.626925047293558,0.672724564581782,0.718155590637424,223.606363699215,223.63070683844,223.655049977664,291.767153527006,,0.00422531616290662,0.00690612799657655,0.0141118493103261,0.0255974766422402,0.0411180065304035,0.0604284355129008,0.0832837601278171,0.109438976913237,0.138649082407245,0.170669073147927,0.205253945673366,0.242158696521649,0.281138322230859,0.321947819339081,0.364342184384401,0.408076413904903,0.452905504438672,0.498584452523792,0.544868254698348,0.591511907500426,0.63827040746811,0.684898751139485,0.731151935052636,227.652931537654,227.677715210692,227.70249888373,297.047216045098,,67289.7759945567,66.5278170095494,137.923135086296,0,0.002,0.004,0.006,0.008,0.01,0.012,0.014,0.016,0.018,0.02,0.022,0.024,0.026,0.028,0.03,0.032,0.034,0.036,0.038,0.04,0.042,0.044,9.2,9.201,9.202,12,,130.533333333333,1.12848501126409,81.8,1.08788709843489,60.8333333333333,0.996005081958939,,,,,,,,,2.729526141,5.90647077,87.24923658,63.7645812,B
752,0.148,9.86,140.778630348912,0.0360556445917498,12.04,110.931372773546,0.0381263420114024,11.6,0.885289860852013,116.955999911479,77.3960934364873,73.0923821029737,89.3751403896085,89.2512182938094,90.8333333333333,1.13085562766891,B,0.00973622707982965,0.00970343620156082,0.00966794556262112,0.00962975516301054,0.00958886500272908,0.00954527508177675,0.00949898540015354,0.00944999595785945,0.00939830675489449,0.00934391779125865,0.00928682906695193,0.00922704058197433,0.00916455233632586,0.00909936433000652,0.00903147656301629,0.00896088903535519,0.00888760174702322,0.00881161469802036,0.00873292788834663,0.00865154131800202,0.00856745498698654,0.00848066889530018,0.00839118304294295,0.00829899742991483,0.00820411205621584,0.00810652692184598,0.00800624202680523,0.00790325737109361,0.00779757295471112,0.00768918877765774,0.00757810483993349,0.523598775598299,0.558505360638185,0.593411945678072,0.628318530717959,0.663225115757845,0.698131700797732,0.733038285837618,0.767944870877505,0.802851455917392,0.837758040957278,0.872664625997165,0.907571211037051,0.942477796076938,0.977384381116825,1.01229096615671,1.0471975511966,1.08210413623648,1.11701072127637,1.15191730631626,1.18682389135614,1.22173047639603,1.25663706143592,1.2915436464758,1.32645023151569,1.36135681655558,1.39626340159546,1.43116998663535,1.46607657167524,1.50098315671512,1.53588974175501,1.5707963267949,1.81,77.3947701215249,89.3751026320555,7.68790915818253,247.768924,165.505720219123,179.30246610587,0.335050554042648,0.0526661046125498,129.54,4.938308787,3.07745502,383988345.60705,0.961304523078047,0.494018962770747,0.352960207851857,0.526820398780205,1.00429167601462,1.77406618001393,2.82483605123696,4.14529343014254,5.7241304571895,7.55003927283668,9.61171201754288,11.897840831767,14.3971178559677,17.098235230604,19.9898850961346,23.0607595930185,26.2995508617143,29.6949510426809,33.2356522763773,36.9103467032621,40.7077264637942,44.6164836984325,48.6253105476358,17583.361156845,17585.276291796,17587.191426747,22945.7390196508,,0.0124207943452589,0.0063831052407681,0.00456051755561314,0.00680692504096846,0.0129762214480085,0.0229223005279077,0.0364990560318406,0.0535603817109816,0.073960171316505,0.0975523185995855,0.124190717311397,0.153729261203115,0.186021844025913,0.220922359530966,0.258284701469448,0.297962763592534,0.339810439651399,0.383681623397215,0.429430208581159,0.476910088954404,0.525975158268125,0.576479310273497,0.628276438721693,227.190559894883,227.215304912511,227.24004993014,296.476609254366,,0.0107558424524065,0.00552747855076097,0.00394920058782974,0.00589448720354537,0.0112368170378404,0.0198496687306475,0.0316065209218993,0.0463808522515283,0.0640461413594671,0.0844758668856483,0.107543507470005,0.133122541752468,0.161086448372972,0.191308705971449,0.223662793187831,0.258022188662052,0.294260371034043,0.332250818943736,0.371867011031066,0.412982425935964,0.455470542298363,0.499204838758196,0.544058793955395,196.736682129845,196.758110188606,196.779538247368,256.735246661647,,54787.6013655632,76.4345258655327,135.955238369404,0,0.002,0.004,0.006,0.008,0.01,0.012,0.014,0.016,0.018,0.02,0.022,0.024,0.026,0.028,0.03,0.032,0.034,0.036,0.038,0.04,0.042,0.044,9.2,9.201,9.202,12,,132.166666666667,1.14260548254906,80.6333333333333,1.07237118627303,60.3666666666667,0.988364495028843,,,,,,,,,3.510423365,10.73931407,108.4190443,64.61657454,B
757,0.146,7.32,124.319740472616,0.0363262977731224,9.76,117.340554807462,0.0389913584805427,9.3,0.838059633308413,,57.0302574224997,55.0412156044915,70.8429831271924,70.7130116469377,88.2,1.09807118928878,B,0.00886302241396099,0.00891615526323079,0.00896046453443214,0.00899595022756506,0.00902261234262953,0.00904045087962557,0.00904946583855316,0.00904965721941232,0.00904102502220303,0.00902356924692531,0.00899728989357914,0.00896218696216454,0.00891826045268149,0.00886551036513001,0.00880393669951008,0.00873353945582172,0.00865431863406492,0.00856627423423967,0.00846940625634599,0.00836371470038387,0.0082491995663533,0.0081258608542543,0.00799369856408686,0.00785271269585098,0.00770290324954665,0.00754427022517389,0.00737681362273269,0.00720053344222304,0.00701542968364496,0.00682150234699844,0.00661875143228348,0.523598775598299,0.558505360638185,0.593411945678072,0.628318530717959,0.663225115757845,0.698131700797732,0.733038285837618,0.767944870877505,0.802851455917392,0.837758040957278,0.872664625997165,0.907571211037051,0.942477796076938,0.977384381116825,1.01229096615671,1.0471975511966,1.08210413623648,1.11701072127637,1.15191730631626,1.18682389135614,1.22173047639603,1.25663706143592,1.2915436464758,1.32645023151569,1.36135681655558,1.39626340159546,1.43116998663535,1.46607657167524,1.50098315671512,1.53588974175501,1.5707963267949,1.42,57.029647971698,70.8429435235071,9.76215451753327,283.7613452,149.594496937458,165.995964549056,0.264883360385514,0.0605838725719821,106.33,4.11016815733333,2.524372,506697792.312486,0.796310502594622,0.696036007325519,0.845891299870332,1.24503078051389,1.89260884954104,2.78777990723661,3.92969835388543,5.31751858977235,6.95039501518218,8.82748203039978,10.94793403571,13.3109054313976,15.9155506177475,18.7610239950445,21.8464799635734,25.1710729236191,28.7339572754664,32.5342874194002,36.5712177557052,40.8439026846663,45.3514966065684,18910.8041603671,18912.8637117511,18914.9232631352,24677.5480357195,,,,0.0139630969314383,0.012204809815255,0.0148324832776474,0.0218312899481996,0.0331864024564957,0.0488829934321196,0.0689062355046556,0.0932413013036878,0.1218733634588,0.154787594599577,0.191969167355602,0.23340325435646,0.279075028231734,0.328969661611009,0.383072327123869,0.441368197399898,0.50384244506868,0.570480242759799,0.641266763102839,0.716187178727384,0.795226662263019,331.596017737159,331.632131433408,331.668245129657,432.7143672352,,,,0.0112405055886814,0.00982505769391923,0.011940374831964,0.0175745207439153,0.0267155591708726,0.0393515538539356,0.0554705685342038,0.0750606669527768,0.0981099128507542,0.124606369969235,0.15453810204932,0.187893172832108,0.224659646058699,0.264825585470191,0.308379054807686,0.355308117812282,0.405600838225079,0.459245279787176,0.516229506239674,0.576541581323671,0.640169568780267,266.939842132507,266.968914207743,266.997986282979,348.341652793281,,,,49060.9875738177,65.6583682974413,119.323939220234,0,0.002,0.004,0.006,0.008,0.01,0.012,0.014,0.016,0.018,0.02,0.022,0.024,0.026,0.028,0.03,0.032,0.034,0.036,0.038,0.04,9.2,9.201,9.202,12,,,,115.3,0.996790003565494,72.6,0.965533048244172,53.7333333333333,0.879759009379622,,,,,,,,,3.93943274,9.752290105,114.5649097,NaN,B
758,0.146,8.45,127.125083195971,0.0320976713056036,10,124.448272885826,0.0606677191811638,9.5,0.900933744715038,81.1172602121292,74.5072566539976,71.0787310942803,46.650652397099,46.5846994891902,85.2,1.06072182910889,B,0.010332115486355,0.0102848163959312,0.0102332877076947,0.0101775294216454,0.0101175415377834,0.0100533240561086,0.00998487697662111,0.00991220029932086,0.00983529402420786,0.00975415815128212,0.00966879268054364,0.00957919761199242,0.00948537294562845,0.00938731868145175,0.00928503481946229,0.0091785213596601,0.00906777830204516,0.00895280564661748,0.00883360339337705,0.00871017154232389,0.00858251009345798,0.00845061904677932,0.00831449840228793,0.00817414815998379,0.00802956831986691,0.00788075888193729,0.00772771984619492,0.00757045121263981,0.00740895298127195,0.00724322515209136,0.00707326772509802,0.523598775598299,0.558505360638185,0.593411945678072,0.628318530717959,0.663225115757845,0.698131700797732,0.733038285837618,0.767944870877505,0.802851455917392,0.837758040957278,0.872664625997165,0.907571211037051,0.942477796076938,0.977384381116825,1.01229096615671,1.0471975511966,1.08210413623648,1.11701072127637,1.15191730631626,1.18682389135614,1.22173047639603,1.25663706143592,1.2915436464758,1.32645023151569,1.36135681655558,1.39626340159546,1.43116998663535,1.46607657167524,1.50098315671512,1.53588974175501,1.5707963267949,1.56,74.5062041583372,46.6506323019601,5.51633990138698,88.37268661,158.08521107031,180.206804789886,0.304543273710455,0.0531807294925051,114.89,4.38090685444444,2.2362835375,424804839.249441,0.967061677508786,0.757507443139083,0.794572182119048,1.07343976385111,1.58929405773769,2.33731893318122,3.31269825958413,4.51061590634884,5.92625574287778,7.55480163857338,9.39143746283807,11.4313470850743,13.6697143746844,16.1017232010709,18.7225574336362,21.5274009417827,24.5114375949129,27.6698512624292,30.9978258137339,34.4905451182296,38.1431930453186,41.9509534644035,17002.3327292972,17004.184708526,17006.0366877547,22187.8745697042,,,0.0129796127508205,0.0101670384593646,0.0106645103061546,0.0144073876260007,0.0213310297537128,0.031370796024101,0.0444620457719754,0.0605401383321459,0.0795404330394228,0.101398289228616,0.126049066234535,0.153428123391992,0.183470820035794,0.216112515500753,0.251288569121679,0.288934340233381,0.32898518817067,0.371376472268356,0.416043551861248,0.462921786284158,0.511946534871894,0.563053156959268,228.200227368511,228.225084080105,228.249940791699,297.799019831309,,,0.0207298728825194,0.0162378815840242,0.0170323989817746,0.0230101868052495,0.0340680067839276,0.0501026206472878,0.071010790124809,0.09668927694597,0.12703484284025,0.161944249537127,0.20131425876608,0.245041632256589,0.293023131738132,0.345155518940187,0.401335555592235,0.461460003423752,0.52542562416422,0.593129179543115,0.664467431289918,0.739337141134106,0.817635070805159,0.899257982032556,364.46092775859,364.500626668065,364.540325577541,475.617874289176,,,47460.5426862329,67.5588605053112,112.594743154548,0,0.002,0.004,0.006,0.008,0.01,0.012,0.014,0.016,0.018,0.02,0.022,0.024,0.026,0.028,0.03,0.032,0.034,0.036,0.038,0.04,0.042,9.2,9.201,9.202,12,,,122.866666666667,1.06220524808974,73.5,0.977502466197612,57.1,0.934880386518172,,,,,,,,,1.840543211,2.014786403,57.50299598,51.99824373,B
760,0.138,7.85,131.669804235597,0.0284010388261717,11,117.978814809419,0.0466454409540632,13,0.936522814776602,88.4949705607642,78.2259454242301,72.7578400891625,66.7419469833231,66.6168060366856,85.7666666666667,1.06777670825398,E,0.0101928019525088,0.0101847001680557,0.0101717290936857,0.0101538887293988,0.0101311790751951,0.0101036001310745,0.010071151897037,0.0100338343730826,0.00999164755921143,0.00994459145542335,0.00989266606171841,0.0098358713780966,0.00977420740455793,0.00970767414110238,0.00963627158772997,0.00955999974444069,0.00947885861123455,0.00939284818811154,0.00930196847507166,0.00920621947211491,0.0091056011792413,0.00900011359645082,0.00888975672374347,0.00877453056111926,0.00865443510857818,0.00852947036612023,0.00839963633374542,0.00826493301145374,0.00812536039924519,0.00798091849711978,0.00783160730507749,0.523598775598299,0.558505360638185,0.593411945678072,0.628318530717959,0.663225115757845,0.698131700797732,0.733038285837618,0.767944870877505,0.802851455917392,0.837758040957278,0.872664625997165,0.907571211037051,0.942477796076938,0.977384381116825,1.01229096615671,1.0471975511966,1.08210413623648,1.11701072127637,1.15191730631626,1.18682389135614,1.22173047639603,1.25663706143592,1.2915436464758,1.32645023151569,1.36135681655558,1.39626340159546,1.43116998663535,1.46607657167524,1.50098315671512,1.53588974175501,1.5707963267949,1.69,78.224259974512,66.7419088512959,8.36252868852044,226.5514776,151.808599925764,167.837097093318,0.376115213076082,0.0612467660018086,111.06,4.911483039375,2.52435037,392352033.373703,0.923399180815254,0.849228980313283,1.01928387935789,1.43187361250929,2.08530791432774,2.97789651937346,4.10794916220668,5.47377557738764,7.07368549947657,8.90598866303371,10.9689948026193,13.2610136527935,15.7803549481167,18.5253284231489,21.4942438124506,24.6854108505818,28.0971392721029,31.7277388115741,35.5755192035555,39.6387901826075,43.9158614832903,17269.2573893594,17271.1379084242,17273.018427489,22534.7107708819,,,,0.0118045115558284,0.010856337670564,0.0130302783265703,0.0183047255797095,0.0266580714858434,0.0380687081008341,0.0525150274805435,0.0699754216808337,0.0904282827575666,0.113852002766604,0.140224973763808,0.169525587805041,0.201732236946165,0.236823313243041,0.274777208751532,0.315572315527499,0.359187025626805,0.405599731105312,0.454788824018881,0.506732696423375,0.561409740374655,220.766005264687,220.790045365104,220.814085465521,288.078286432168,,,,0.0138353726572704,0.0127240738979373,0.0152720216862376,0.0214538906236496,0.0312443553116513,0.0446180903517211,0.061549770345337,0.0820140698939772,0.10598566359912,0.133439226062243,0.164349431884825,0.198690955668344,0.236438472014278,0.277566655524106,0.322050180799305,0.369863722441354,0.42098195505173,0.475379553231912,0.533031191583379,0.593911544707607,0.657995287206077,258.746830688287,258.775006673919,258.803182659551,337.639590457178,,,,51281.125785297,79.110101485151,116.41606202374,0,0.002,0.004,0.006,0.008,0.01,0.012,0.014,0.016,0.018,0.02,0.022,0.024,0.026,0.028,0.03,0.032,0.034,0.036,0.038,0.04,9.2,9.201,9.202,12,,,,119.8,1.03569334282,73.6333333333333,0.979275713301825,56.0666666666667,0.917961944030102,3185.76478857612,0.0468488682609719,0.04,0.626592915097474,0.626592915097474,-145,100,-45,3.416477121,9.30828,108.6824466,52.36388791,E
761,0.146,11.8,154.527536787919,0.0502310416932224,8.6,130.20767678607,0.0492858890211768,10.3,1.01124020069297,107.511548718611,66.485235602033,64.6152199897874,49.3845665055395,49.1895254906132,85.8333333333333,1.06860669403576,E,0.011617780063541,0.0115207334267266,0.0114233441795371,0.0113256123219724,0.0112275378540326,0.0111291207757176,0.0110303610870275,0.0109312587879623,0.0108318138785219,0.0107320263587064,0.0106318962285157,0.0105314234879499,0.010430608137009,0.0103294501756929,0.0102279496040017,0.0101261064219354,0.0100239206294939,0.00992139222667722,0.00981852121348544,0.00971530758991852,0.00961175135597646,0.00950785251165927,0.00940361105696693,0.00929902699189945,0.00919410031645683,0.00908883103063907,0.00898321913444617,0.00887726462787813,0.00877096751093495,0.00866432778361663,0.00855734544592318,0.523598775598299,0.558505360638185,0.593411945678072,0.628318530717959,0.663225115757845,0.698131700797732,0.733038285837618,0.767944870877505,0.802851455917392,0.837758040957278,0.872664625997165,0.907571211037051,0.942477796076938,0.977384381116825,1.01229096615671,1.0471975511966,1.08210413623648,1.11701072127637,1.15191730631626,1.18682389135614,1.22173047639603,1.25663706143592,1.2915436464758,1.32645023151569,1.36135681655558,1.39626340159546,1.43116998663535,1.46607657167524,1.50098315671512,1.53588974175501,1.5707963267949,1.68,66.4846632729582,49.3845070535116,8.79861131847963,325.7103244,161.511781949174,188.149586318457,0.237737800425369,0.0889048364393639,126.36,5.72698994766667,3.1712625,244533556.997912,0.433277066468548,0.409073096615294,0.529226285463014,0.794704276029804,1.20647471133376,1.76550523439296,2.47276348822551,3.32921711584951,4.33583376028303,5.49358106454419,6.80342667165106,8.26633822462174,9.88328336647433,11.6552297402269,13.5831449888976,15.6679967555045,17.9107526830656,20.3123804145991,22.8738475931231,25.5961218616556,28.4801708632148,12627.5353734019,12628.9108124819,12630.2862515619,16478.7647973999,,,,0.00651694759571382,0.00615289416351273,0.00796012583067816,0.0119531969766784,0.0181466619809816,0.0265550752230561,0.0371929910823701,0.0500749639383918,0.0652155481705896,0.0826292981584316,0.102330768281386,0.124334512918921,0.148655086450505,0.175307043255607,0.204304937713693,0.235663324204234,0.269396757106696,0.305519790800549,0.34404697966526,0.384992878080297,0.42837204042513,189.931553410424,189.952241476096,189.972929541768,247.858137293183,,,,0.00877354239861222,0.00828342978440656,0.010716443618432,0.0160921779611708,0.0244302268731053,0.0357501844147176,0.05007164464649,0.0674142016289049,0.0877974494224444,0.111240982087591,0.137764393684826,0.167387278274633,0.200129229917494,0.236009842673891,0.275048710604306,0.317265427769221,0.362679588229119,0.411310786044482,0.463178615275792,0.518302669983532,0.576702544228183,255.698317687348,255.7261693186,255.754020949851,333.68288519199,,,,36986.9769217046,38.1607146909512,128.361583378231,0,0.002,0.004,0.006,0.008,0.01,0.012,0.014,0.016,0.018,0.02,0.022,0.024,0.026,0.028,0.03,0.032,0.034,0.036,0.038,0.04,9.2,9.201,9.202,12,,,,123.133333333333,1.06451063115667,78.5666666666667,1.04488585615772,60.2333333333333,0.986181470191673,4035.39412418778,0.0142984859111437,0.04,1.26491932587196,1.26491932587196,-145,100,-45,4.296372984,15.02337299,107.2513454,63.99496948,E
762,0.156,8.9,129.176480231156,0.0362589454333964,11.36,118.89831438584,0.0370923890855771,10.8,0.937875763475512,81.022588002805,69.4688688383168,64.7391102274692,86.6780064288926,86.3200942162663,79.8,0.993492980785091,E,0.0100135693410655,0.0100416358850193,0.010062420981624,0.0100759246308796,0.0100821468327862,0.0100810875873436,0.010072746894552,0.0100571247544113,0.0100342211669215,0.0100040361320826,0.00996656964989461,0.00992182172035755,0.00986979234347141,0.00981048151923619,0.00974388924765188,0.00967001552871849,0.00958886036243601,0.00950042374880445,0.0094047056878238,0.00930170617949407,0.00919142522381526,0.00907386282078736,0.00894901897041038,0.00881689367268431,0.00867748692760916,0.00853079873518493,0.0083768290954116,0.0082155780082892,0.00804704547381771,0.00787123149199714,0.00768813606282748,0.523598775598299,0.558505360638185,0.593411945678072,0.628318530717959,0.663225115757845,0.698131700797732,0.733038285837618,0.767944870877505,0.802851455917392,0.837758040957278,0.872664625997165,0.907571211037051,0.942477796076938,0.977384381116825,1.01229096615671,1.0471975511966,1.08210413623648,1.11701072127637,1.15191730631626,1.18682389135614,1.22173047639603,1.25663706143592,1.2915436464758,1.32645023151569,1.36135681655558,1.39626340159546,1.43116998663535,1.46607657167524,1.50098315671512,1.53588974175501,1.5707963267949,1.58,69.4674114240599,86.6778973275059,10.6720738006841,304.5845252,158.384511556457,174.634547241359,0.371137452716945,0.0909072152206059,119.99,4.49929559480769,1.67464229,466209053.150423,0.56189306310025,0.803941247987603,1.37955544083032,2.27364327290781,3.47111237549949,4.95687037988477,6.71582491734306,8.73288361915379,10.9929541165964,13.4809440409502,16.1817610234947,19.0803126955093,22.1615066882734,25.4102506330663,28.8114521611677,32.3500189038567,36.0108584924129,39.7788785581157,43.6389867322445,47.5760906460786,51.5750979308976,55.6209162179808,59.6984531386076,63.7926163240574,19241.0320199032,19243.126977773,19245.2219356427,25106.9140551992,0.00808858501535642,0.0115729265206096,0.0198590304799023,0.0327296386362877,0.0499674927328193,0.0713553345125505,0.0966759057185345,0.125711948093825,0.158246203381475,0.194061413324538,0.232940319666067,0.274665664149116,0.319020188516738,0.365786634511986,0.414747743877914,0.465686258357575,0.518384919694023,0.57262646963031,0.628193649909491,0.684869202274618,0.742435868468746,0.800676390234926,0.859373509316213,0.918309967455661,276.97925725845,277.009414677976,277.039572097503,361.420031933181,0.00648254146010464,0.00927504326679697,0.0159158849414375,0.0262309463313008,0.0400461072836614,0.0571872476457938,0.0774802472649726,0.100750985988472,0.126825343663568,0.155529200137533,0.186688435257643,0.220128928871172,0.255676560825394,0.293157210967585,0.332396759145019,0.37322108520497,0.415456068994713,0.458927590361522,0.503461529152672,0.548883765215438,0.595020178397094,0.641696648544915,0.688739055506174,0.735973279128148,221.983142336765,222.007311795581,222.031481254398,289.657627022661,69302.813502631,60.673036479843,131.903665102817,0,0.002,0.004,0.006,0.008,0.01,0.012,0.014,0.016,0.018,0.02,0.022,0.024,0.026,0.028,0.03,0.032,0.034,0.036,0.038,0.04,0.042,0.044,0.046,9.2,9.201,9.202,12,114.333333333333,0.988432989947859,68.9333333333333,0.916768752878305,54.0333333333333,0.884670815263255,4169.32039845666,0.0683032251171181,0.046,1.12329162098289,1.12329162098289,-145,100,-45,4.060410768,12.3946707,119.1496054,51.28011899,E
765,0.168,7.4,136.268356689373,0.0459825937266803,9.84,131.922110086627,0.0468796567686414,12.1,0.916219630002612,85.8960817565648,45.5463568473372,44.6152766816515,59.4054191591316,59.266306979736,85.8333333333333,1.06860669403576,E,0.0105201126861966,0.0104400128831257,0.0103588343259851,0.0102765770147748,0.0101932409494948,0.0101088261301451,0.0100233325567257,0.00993676022923655,0.00984910914767772,0.00976037931204919,0.00967057072235096,0.00957968337858303,0.00948771728074539,0.00939467242883805,0.009300548822861,0.00920534646281425,0.0091090653486978,0.00901170548051165,0.00891326685825579,0.00881374948193023,0.00871315335153496,0.00861147846706999,0.00850872482853532,0.00840489243593095,0.00829998128925687,0.00819399138851309,0.0080869227336996,0.00797877532481641,0.00786954916186352,0.00775924424484093,0.00764786057374863,0.523598775598299,0.558505360638185,0.593411945678072,0.628318530717959,0.663225115757845,0.698131700797732,0.733038285837618,0.767944870877505,0.802851455917392,0.837758040957278,0.872664625997165,0.907571211037051,0.942477796076938,0.977384381116825,1.01229096615671,1.0471975511966,1.08210413623648,1.11701072127637,1.15191730631626,1.18682389135614,1.22173047639603,1.25663706143592,1.2915436464758,1.32645023151569,1.36135681655558,1.39626340159546,1.43116998663535,1.46607657167524,1.50098315671512,1.53588974175501,1.5707963267949,1.49,45.5460722527665,59.4053767665942,9.02772379795623,259.7717089,163.654544281571,185.588914959623,0.202546311803494,0.0684493502047465,114.47,4.87574980275862,1.89139637,351525213.415911,0.582000750094908,0.62986213399273,0.890540539982192,1.36086448227931,2.03766247510011,2.91776303266061,3.99799466917682,5.27518589886476,6.74616523594045,8.40776119461991,10.2568022891192,12.2901170336542,14.5045339424411,16.8968815296958,19.4639883096344,22.2026827964728,25.1097935044272,28.1821489477134,31.4165776405476,34.8099080971458,38.3589688317239,42.060588358498,15469.474737863,15471.1593421256,15472.8439463881,20186.3666729877,,,0.0127782862782324,0.0138291207746124,0.019552521127178,0.0298788548599085,0.044738489496783,0.0640617925617808,0.0877791315788811,0.115820874072063,0.148117387565306,0.184599039582589,0.225196197647892,0.269839229285192,0.318458502018471,0.370984383371707,0.427347240868879,0.487477442033966,0.551305354390948,0.618761345463804,0.689775782776513,0.764279033853054,0.842201466217406,0.92347344739355,339.644539533778,339.681526351284,339.71851316879,443.207628551583,,,0.00979710561186422,0.0106027798875425,0.0149909080365092,0.0229081028746977,0.0343009772180414,0.0491161438824738,0.0673002156839284,0.0887998054383385,0.113561525961638,0.141531990069759,0.172657810578637,0.206885600304203,0.244161972062393,0.284433538669138,0.327646912940374,0.373748707692032,0.422685535740046,0.474404009900351,0.528850742988879,0.585972347821564,0.645715437214339,0.708026623983138,260.405296285606,260.433654059839,260.462011834072,339.807064136646,,,43487.7764855281,86.1748307340081,136.970151283432,0,0.002,0.004,0.006,0.008,0.01,0.012,0.014,0.016,0.018,0.02,0.022,0.024,0.026,0.028,0.03,0.032,0.034,0.036,0.038,0.04,0.042,9.2,9.201,9.202,12,,,120.133333333333,1.03857507165367,74.5,0.990801819479212,57.3666666666667,0.939246436192512,2942.08917291721,0.0396892453635225,0.038,0.397070551223633,0.397070551223633,-130,130,-45,3.57897149,9.078576578,117.3471172,57.64837702,E
766,0.146,8.6,136.789200457536,0.0287104080128636,12.12,135.735748162366,0.0357835806062713,10.8,0.961244997930072,,84.7763035293827,80.9957852637347,95.8592913601308,95.5185127534878,88.7666666666667,1.10512606843387,E,0.0104506768430497,0.0104476185307331,0.0104390957206302,0.0104251084127411,0.0104056566070658,0.0103807403036044,0.0103503595023567,0.0103145142033228,0.0102732044065027,0.0102264301118965,0.010174191319504,0.0101164880293253,0.0100533202413605,0.0099846879556094,0.00991059117207214,0.00983102989074868,0.00974600411163901,0.00965551383474315,0.00955955906006109,0.00945813978759283,0.00935125601733837,0.00923890774929772,0.00912109498347086,0.00899781771985781,0.00886907595845855,0.0087348696992731,0.00859519894230144,0.00845006368754359,0.00829946393499954,0.00814339968466929,0.00798187093655284,0.523598775598299,0.558505360638185,0.593411945678072,0.628318530717959,0.663225115757845,0.698131700797732,0.733038285837618,0.767944870877505,0.802851455917392,0.837758040957278,0.872664625997165,0.907571211037051,0.942477796076938,0.977384381116825,1.01229096615671,1.0471975511966,1.08210413623648,1.11701072127637,1.15191730631626,1.18682389135614,1.22173047639603,1.25663706143592,1.2915436464758,1.32645023151569,1.36135681655558,1.39626340159546,1.43116998663535,1.46607657167524,1.50098315671512,1.53588974175501,1.5707963267949,1.69,84.7751432578731,95.8591874914859,8.69483652718032,327.751899,169.758404021754,190.168334933339,0.299764846437619,0.0843456705878427,979.54,5.22632838948276,2.69576168,477895434.493661,1.14872482428232,0.671154674411845,0.604232060643779,0.932882821089245,1.64203279385937,2.71660781706529,4.14153372881813,5.90173636722902,7.98214157040908,10.3676751764694,13.0432630235212,15.9938309496756,19.2043047930437,22.6596103917365,26.3446735838654,30.2444202075413,34.3437761008754,38.6276671019788,43.0810190489628,47.6887577799383,52.4358091330165,57.3070989463086,62.2875530579256,22525.2899037355,22527.7432817795,22530.1966598235,29394.7484270094,,0.0135502551825606,0.00791688045126972,0.00712746729080477,0.0110042022371057,0.0193692718261125,0.0320448625937651,0.0488531610760033,0.0696163538087672,0.0941566273279966,0.122296168169632,0.153857162869612,0.188661797963877,0.226532259988368,0.267290735479024,0.310759410971786,0.356760473002592,0.405116108107383,0.455648502822099,0.50817984368268,0.562532317225066,0.618528109985196,0.675989408499011,0.734738399302451,265.7063030282,265.735242855958,265.764182683716,346.737820750064,,0.0119834608903225,0.00700146425162906,0.00630332966986024,0.00973180396685611,0.0171296339644566,0.0283395664845019,0.0432043483488318,0.0615667263792863,0.0832694473977056,0.10815525822593,0.136066905685798,0.166847136599151,0.200338697787829,0.236384336073672,0.27482679827852,0.315508831224212,0.358273181732589,0.40296259662549,0.449419822724756,0.497487606852227,0.547008695829743,0.597825836479143,0.649781775622269,234.983109008056,235.008702569907,235.034296131757,306.645082190168,,60916.4120293984,90.4854466343022,145.736148130972,0,0.002,0.004,0.006,0.008,0.01,0.012,0.014,0.016,0.018,0.02,0.022,0.024,0.026,0.028,0.03,0.032,0.034,0.036,0.038,0.04,0.042,0.044,9.2,9.201,9.202,12,,125.866666666667,1.08814080759274,83.2,1.10650619302913,68.3333333333333,1.11880022904977,595.492444092628,0.0846314665972599,0.044,0.44226599753248,0.44226599753248,-145,100,-45,4.300608154,15.11817145,104.6172913,54.59483711,E
770,0.145,9.4,138.59391173196,0.0387747485725164,13.62,124.152390205359,0.0461282588440377,11.1,0.90752982832784,NaN,68.6110795409837,66.8035164791289,83.5651957765216,83.1630132951665,89.1333333333333,1.10969099023364,E,0.0109771383962165,0.0108267022456559,0.0106787123167882,0.0105331686096134,0.0103900711241315,0.0102494198603425,0.0101112148182464,0.00997545599784326,0.00984214339913298,0.00971127702211561,0.00958285686679113,0.00945688293315956,0.00933335522122089,0.00921227373097512,0.00909363846242226,0.0089774494155623,0.00886370659039524,0.00875240998692108,0.00864355960513983,0.00853715544505148,0.00843319750665603,0.00833168578995348,0.00823262029494384,0.0081360010216271,0.00804182797000326,0.00795010114007233,0.00786082053183429,0.00777398614528916,0.00768959798043694,0.00760765603727761,0.00752816031581119,0.523598775598299,0.558505360638185,0.593411945678072,0.628318530717959,0.663225115757845,0.698131700797732,0.733038285837618,0.767944870877505,0.802851455917392,0.837758040957278,0.872664625997165,0.907571211037051,0.942477796076938,0.977384381116825,1.01229096615671,1.0471975511966,1.08210413623648,1.11701072127637,1.15191730631626,1.18682389135614,1.22173047639603,1.25663706143592,1.2915436464758,1.32645023151569,1.36135681655558,1.39626340159546,1.43116998663535,1.46607657167524,1.50098315671512,1.53588974175501,1.5707963267949,1.93,68.6105264917355,83.5650731663648,7.25538277353121,336.2488341,168.831505944151,191.191369508534,0.230050244310027,0.0981495222237934,151.4,4.55722552677419,2.70030779,500175972.50899,0.775874916312777,1.02665611913518,1.62683913010519,2.5625229141435,3.81980643617083,5.38478866110788,7.24356855387534,9.38224507939393,11.7869172025843,14.4436838883673,17.3386441016635,20.4578968073936,23.7875409704783,27.3136755558384,31.0223995283945,34.8998118530674,38.9320114947778,43.1050974184463,47.4051685889937,51.8183239713406,56.3306625304078,20674.0506654912,20676.3015057217,20678.5523459521,26976.4033107611,,,,0.0113083947316194,0.0149635365246592,0.0237112176992425,0.0373488303497011,0.0556737665703666,0.0784834184555704,0.105575178099644,0.13674643759692,0.171794589041729,0.210517024528403,0.252711136151273,0.298174316004671,0.346703956182929,0.398097448780378,0.45215218589135,0.508665559610176,0.567434962031189,0.628257785248719,0.690931421357099,0.755253262450659,0.821020700623732,301.324763452756,301.35756950083,301.390375548903,393.18169805927,,,,0.00928467943500909,0.0122857083735363,0.0194679316185891,0.0306649993477769,0.0457105617387088,0.064438268968994,0.0866817712162418,0.112274718658062,0.141050761472062,0.172843549835853,0.207486733927044,0.244813963923243,0.28465889000206,0.326855162341104,0.371236431117985,0.417636346510312,0.465888558695693,0.515826717851738,0.567284474156057,0.620095477786258,0.674093378919952,247.40061705364,247.427552232958,247.454487412276,322.819119143896,,,,57344.6034745099,92.2130412936833,137.241383400361,0,0.002,0.004,0.006,0.008,0.01,0.012,0.014,0.016,0.018,0.02,0.022,0.024,0.026,0.028,0.03,0.032,0.034,0.036,0.038,0.04,9.2,9.201,9.202,12,,,,128.966666666667,1.11494088574585,82.8,1.10118645171649,62.5,1.02329289242357,3381.75839950256,0.0778113684015982,0.04,0.429103345622121,0.429103345622121,-130,105,-45,3.929551694,14.42042913,115.7442261,NaN,E
771,0.145,10.14,127.017601864529,0.0316769918149859,13.88,129.018385595085,0.0427375658653984,10.5,0.952656744449542,NaN,90.5960811404149,83.8433298936681,91.9168372659455,91.6059694535113,88.2333333333333,1.09848618217967,E,0.0111066186154832,0.0110279930463711,0.0109466042521947,0.0108624522329542,0.0107755369886496,0.0106858585192807,0.0105934168248477,0.0104982119053505,0.0104002437607891,0.0102995123911635,0.0101960177964738,0.0100897599767199,0.00998073893190179,0.00986895466201953,0.00975440716707309,0.00963709644706247,0.00951702250198768,0.00939418533184871,0.00926858493664556,0.00914022131637824,0.00900909447104674,0.00887520440065106,0.00873855110519121,0.00859913458466719,0.00845695483907898,0.0083120118684266,0.00816430567271004,0.00801383625192931,0.0078606036060844,0.00770460773517531,0.00754584863920205,0.523598775598299,0.558505360638185,0.593411945678072,0.628318530717959,0.663225115757845,0.698131700797732,0.733038285837618,0.767944870877505,0.802851455917392,0.837758040957278,0.872664625997165,0.907571211037051,0.942477796076938,0.977384381116825,1.01229096615671,1.0471975511966,1.08210413623648,1.11701072127637,1.15191730631626,1.18682389135614,1.22173047639603,1.25663706143592,1.2915436464758,1.32645023151569,1.36135681655558,1.39626340159546,1.43116998663535,1.46607657167524,1.50098315671512,1.53588974175501,1.5707963267949,1.83,90.5939980685102,91.9167425167849,6.2523910995297,299.1891796,164.252571903908,189.29264471339,0.38854013529922,0.0822674084865377,147.2,4.69723710316667,2.54562822,422741344.852469,0.957303903519335,0.901991936150933,1.17235615298741,1.76018732247639,2.65727621306549,3.85541359320234,5.34639023133455,7.12199689590975,9.17402435537556,11.4942633781796,14.0745047327695,16.9065391875928,19.9821575110973,23.2931504717305,26.83130883794,30.5884233781734,34.5562848608785,38.7266840545027,43.0914117274938,47.6422586482993,17633.7100011889,17635.6294946602,17637.5489881314,23008.2917206734,,,,,0.0105669682752647,0.00995642046252133,0.0129407706689447,0.019429403271785,0.0293317026482922,0.0425570531757165,0.059014839231308,0.0786144451923169,0.101265255435993,0.126876654339587,0.155358026280349,0.186618755635528,0.220568226782376,0.257115824098142,0.296170931960076,0.337642934745428,0.381441216831449,0.427475162595389,0.475654156414497,0.525887582666024,194.645455296649,194.666643162426,194.687831028202,253.971479471231,,,,,0.0104149024139375,0.0098131407995254,0.0127545441764685,0.0191498009424666,0.0289095994952198,0.0419446282324279,0.0581655755517908,0.0774831298510084,0.0998079795277807,0.125050812979808,0.153122318604789,0.183933184800424,0.217394099964415,0.253415752494459,0.291908830788257,0.332784023243509,0.375952018257916,0.421323504229176,0.46880916955499,0.518319702633057,191.844374793513,191.865257751489,191.886140709464,250.31665712557,,,,,48452.761824741,76.3602328935925,139.369544623299,0,0.002,0.004,0.006,0.008,0.01,0.012,0.014,0.016,0.018,0.02,0.022,0.024,0.026,0.028,0.03,0.032,0.034,0.036,0.038,9.2,9.201,9.202,12,,,,,127.9,1.10571935347811,81.8,1.08788709843489,61.1333333333333,1.00091688784257,2784.32277994033,0.0482343379064509,0.038,1.96612487671491,1.96612487671491,-145,100,-45,3.729934653,12.1860429,107.2713006,NaN,E
773,0.156,7.93,130.668267816029,0.0382152929317497,11.35,120.20955430345,0.0424921940045118,11.6,0.914972835862367,111.053927661556,58.7288347272327,56.5736972920033,75.5965707631458,75.3989943790736,99.8,1.24248871531769,E,0.00995262505592396,0.00991314837305308,0.00987221826635988,0.00982983473584435,0.00978599778150649,0.00974070740334632,0.00969396360136381,0.00964576637555898,0.00959611572593183,0.00954501165248235,0.00949245415521055,0.00943844323411642,0.00938297888919997,0.00932606112046119,0.00926768992790009,0.00920786531151666,0.00914658727131091,0.00908385580728283,0.00901967091943243,0.00895403260775971,0.00888694087226465,0.00881839571294728,0.00874839712980758,0.00867694512284555,0.0086040396920612,0.00852968083745453,0.00845386855902553,0.0083766028567742,0.00829788373070055,0.00821771118080458,0.00813608520708628,0.523598775598299,0.558505360638185,0.593411945678072,0.628318530717959,0.663225115757845,0.698131700797732,0.733038285837618,0.767944870877505,0.802851455917392,0.837758040957278,0.872664625997165,0.907571211037051,0.942477796076938,0.977384381116825,1.01229096615671,1.0471975511966,1.08210413623648,1.11701072127637,1.15191730631626,1.18682389135614,1.22173047639603,1.25663706143592,1.2915436464758,1.32645023151569,1.36135681655558,1.39626340159546,1.43116998663535,1.46607657167524,1.50098315671512,1.53588974175501,1.5707963267949,1.72,58.7281741811529,75.5965105517109,7.83264181108222,327.7143628,163.178297018025,177.079358927599,0.27174646612067,0.0723146185987082,132.85,4.88872125689655,2.59883502,440026066.163639,0.699972856244123,0.416277016379564,0.529170500277104,1.01954356030929,1.86828644884867,3.0562894182678,4.56444272093921,6.37363660923546,8.4647613355291,10.8187071521927,13.4163643115987,16.2386230661198,19.2663736681284,22.4805063699972,25.8619114240987,29.3914790828053,33.0500995984898,36.8186632235245,40.6780602102821,44.6091808111351,48.5929152784561,52.6101538646176,56.6417868219921,19819.7891248988,19821.9476327816,19824.1061406643,25863.6111966069,,0.0119188594912722,0.00708819952575941,0.0090105048838199,0.0173603823807702,0.0318124388319269,0.0520412810526063,0.0777215158581252,0.1085277500638,0.144134590484947,0.184216643936883,0.228448517234924,0.276504817194387,0.328060150630588,0.382789124358844,0.440366345194472,0.500466419952788,0.562763955449107,0.626933558498748,0.692649835917026,0.759587394519258,0.827420841120761,0.89582478253685,0.964473825582843,337.483488993931,337.52024320795,337.556997421968,440.395288244923,,0.00925932759509204,0.0055065639054175,0.00699993288599123,0.0134866484295183,0.0247139244287036,0.0404289747762521,0.060379013364869,0.0843112540872591,0.111972910836128,0.143111197504179,0.177473327984119,0.214806516168653,0.254857975950484,0.297374921222319,0.342104565876862,0.388794123806818,0.437190808904893,0.487041835063791,0.538094416176217,0.590095766134877,0.642793098832475,0.695933628161716,0.749264568015305,262.178624122357,262.207177131841,262.235730141326,342.127050678023,,60895.8200974379,78.2766334946926,129.034431425537,0,0.002,0.004,0.006,0.008,0.01,0.012,0.014,0.016,0.018,0.02,0.022,0.024,0.026,0.028,0.03,0.032,0.034,0.036,0.038,0.04,0.042,0.044,9.2,9.201,9.202,12,,127.4,1.10139676022761,77.7666666666667,1.03424637353244,63.8,1.04457738458598,3617.02036841035,0.0702605309714769,0.044,1.29572095835163,1.29572095835163,-145,100,-45,4.347403339,15.0931449,111.9815421,64.56623701,E
785,0.149,9.11,119.940292336617,0.0434626854257976,12.82,122.870940386509,0.047314734230452,10.3,0.960425056631198,96.1263629230579,59.3221946949022,57.4717719174374,76.6843974885367,76.6018625204104,86.7,1.07939650919884,B,0.0108225647974588,0.0107814934543631,0.0107362687037867,0.0106868905457295,0.0106333589801916,0.0105756740071728,0.0105138356266733,0.010447843838693,0.0103776986432319,0.0103034000402901,0.0102249480298675,0.0101423426119641,0.01005558378658,0.00996467155371505,0.00986960591336935,0.00977038686554288,0.00966701441023564,0.00955948854744762,0.00944780927717883,0.00933197659942928,0.00921199051419894,0.00908785102148784,0.00895955812129596,0.00882711181362331,0.00869051209846988,0.00854975897583568,0.00840485244572071,0.00825579250812497,0.00810257916304846,0.00794521241049117,0.00778369225045311,0.523598775598299,0.558505360638185,0.593411945678072,0.628318530717959,0.663225115757845,0.698131700797732,0.733038285837618,0.767944870877505,0.802851455917392,0.837758040957278,0.872664625997165,0.907571211037051,0.942477796076938,0.977384381116825,1.01229096615671,1.0471975511966,1.08210413623648,1.11701072127637,1.15191730631626,1.18682389135614,1.22173047639603,1.25663706143592,1.2915436464758,1.32645023151569,1.36135681655558,1.39626340159546,1.43116998663535,1.46607657167524,1.50098315671512,1.53588974175501,1.5707963267949,1.68,59.321628069761,76.6843723424378,7.12123596183546,294.7637672,156.344836629099,173.606300290052,0.250424774355917,0.0464001566780332,130.9,4.45878796057692,2.47600109,347183878.825934,0.73319410884442,0.471815849695824,0.497557073115646,0.798649580826476,1.36332517455091,2.17981565601153,3.23635282693093,4.52116848903171,6.02249444403646,7.72856249366777,9.62760443964822,11.7078520837004,13.9575372275469,16.3648916729104,18.9181472215133,21.6055356750784,24.4152888353282,27.3356385039852,30.3548164827721,33.4610545734116,36.642584577626,39.8876382971381,43.1844475336705,46.5212440889457,13890.0360697867,13891.5484013892,13893.0607329918,18124.5645569341,0.0123596423884759,0.00795352159150081,0.00838744804054483,0.0134630421789382,0.0229819244500111,0.0367457152970939,0.0545560351635166,0.0762145044926096,0.101522743727703,0.130282373312127,0.162295013689212,0.197362285302288,0.235285808594686,0.275867204009735,0.318908091990766,0.364210092981109,0.411574827424094,0.460803915763052,0.511698978441312,0.564061635902205,0.617693508589062,0.672396216945211,0.727971381413985,0.784220622438712,234.147924150907,234.173417915184,234.198911679461,305.530464127181,0.00956119332333198,0.0061526988522369,0.00648837641773711,0.010414763222682,0.017778396469921,0.0284258133623035,0.042203551102679,0.0589581468938967,0.0785361379388061,0.100784061440257,0.125548454601098,0.152675854624178,0.182012798712349,0.213405824068458,0.246701467895355,0.281746267395889,0.31838675977291,0.356469482229268,0.395840971967811,0.43634776619139,0.477836402102853,0.52015341690505,0.56314534780083,0.606658731993043,181.132552115835,181.152273625659,181.171995135484,236.352779625005,47925.2715799545,64.6286669833272,119.594094886956,0,0.002,0.004,0.006,0.008,0.01,0.012,0.014,0.016,0.018,0.02,0.022,0.024,0.026,0.028,0.03,0.032,0.034,0.036,0.038,0.04,0.042,0.044,0.046,9.2,9.201,9.202,12,120.2,1.0391514174204,76.3666666666667,1.0156272789382,57.3,0.938154923773927,,,,,,,,,4.085076157,13.52203896,96.31363213,60.32390808,B
786,0.155,9.16,155.771256212057,0.0376275214533234,10.17,122.835211180824,0.0538950460841428,12.2,0.981366630307337,92.0843385171024,68.8977835918477,64.3528658615984,53.4056856041787,53.1473208277637,88.8,1.10554106132476,D,0.0110697630836947,0.0110604054076034,0.0110433530305517,0.0110186059525396,0.0109861641735672,0.0109460276936345,0.0108981965127414,0.0108426706308879,0.0107794500480741,0.0107085347642999,0.0106299247795654,0.0105436200938705,0.0104496207072153,0.0103479266195997,0.0102385378310238,0.0101214543414875,0.00999667615099085,0.00986420325953386,0.00972403566711652,0.00957617337373882,0.00942061637940077,0.00925736468410237,0.00908641828784361,0.0089077771906245,0.00872144139244504,0.00852741089330523,0.00832568569320506,0.00811626579214454,0.00789915119012367,0.00767434188714245,0.00744183788320087,0.523598775598299,0.558505360638185,0.593411945678072,0.628318530717959,0.663225115757845,0.698131700797732,0.733038285837618,0.767944870877505,0.802851455917392,0.837758040957278,0.872664625997165,0.907571211037051,0.942477796076938,0.977384381116825,1.01229096615671,1.0471975511966,1.08210413623648,1.11701072127637,1.15191730631626,1.18682389135614,1.22173047639603,1.25663706143592,1.2915436464758,1.32645023151569,1.36135681655558,1.39626340159546,1.43116998663535,1.46607657167524,1.50098315671512,1.53588974175501,1.5707963267949,1.77,68.8963836406574,53.4056068382471,6.0690994052979,152.2069483,162.277696599543,185.126305607953,0.365251650530329,0.0984040885927904,131.59,5.57838685333333,2.7,178144180.644498,0.351289772734093,0.307011262781384,0.279226092390031,0.278074795005468,0.313697904073128,0.396235953038447,0.53582947534686,0.7426190044438,1.0267450737747,1.398348216785,1.86756896692013,2.44454785762553,3.13942542234663,3.96234219452887,4.92343870761767,6.03285549505848,7.30073309029673,8.73721202677785,10.3524328379473,12.1565360572505,14.1596622181328,16.3719518540398,8967.96852984103,8968.9460128555,8969.92349586997,11704.9209703625,,,0.00509881294446909,0.00445613030115865,0.00405284105834044,0.00403613049497375,0.00455318389001781,0.00575118652243191,0.0077773236711753,0.0107787806152073,0.014902742633487,0.0202963950049739,0.0271069230086271,0.0354815119234059,0.0455673470282696,0.0575116136021774,0.0714614969240886,0.0875641822729625,0.105966854927758,0.126816700167435,0.150260903270953,0.17644664951727,0.205521124185346,0.23763151255414,130.16602695165,130.180214677664,130.194402403679,169.89165979178,,,0.00657776951768503,0.00574867099088021,0.00522840407442127,0.00520684646178987,0.00587387584646767,0.00741936992193633,0.0100332063816775,0.0139052629191728,0.019225417227904,0.0261835470013527,0.0349695299330005,0.0457732437163291,0.0587845660448201,0.0741933746119553,0.0921895471112163,0.112962961236085,0.136703494680042,0.16360102513657,0.193845430299151,0.227626587861266,0.265134375516396,0.306558670958024,167.921854291496,167.9401572951,167.958460298705,219.170264384673,,,28854.0147882311,82.415147752847,129.297806538936,0,0.002,0.004,0.006,0.008,0.01,0.012,0.014,0.016,0.018,0.02,0.022,0.024,0.026,0.028,0.03,0.032,0.034,0.036,0.038,0.04,0.042,9.2,9.201,9.202,12,,,125.166666666667,1.08208917704204,81.4,1.08256735712225,60.1,0.983998445354503,2213.58038700923,0.0146231114401545,0.042,1.74339156697893,1.74339156697893,-145,100,-45,2.803006981,6.537247888,73.4980773,52.02505001,D
788,0.126,8.25,128.035254766526,0.0323351311094166,10.97,104.049095931622,0.0449554789409434,8.8,0.920978575836582,84.6207544639196,72.209562177943,68.3655742302248,69.0620376931285,68.94247097014,88,1.09558123194346,B,0.00982144856295775,0.00983685781577619,0.00984645464378864,0.00985023904699511,0.00984821102539558,0.00984037057899006,0.00982671770777855,0.00980725241176106,0.00978197469093757,0.00975088454530809,0.00971398197487262,0.00967126697963116,0.00962273955958372,0.00956839971473028,0.00950824744507085,0.00944228275060543,0.00937050563133402,0.00929291608725662,0.00920951411837323,0.00912029972468385,0.00902527290618848,0.00892443366288712,0.00881778199477977,0.00870531790186643,0.0085870413841471,0.00846295244162178,0.00833305107429047,0.00819733728215317,0.00805581106520988,0.0079084724234606,0.00775532135690533,0.523598775598299,0.558505360638185,0.593411945678072,0.628318530717959,0.663225115757845,0.698131700797732,0.733038285837618,0.767944870877505,0.802851455917392,0.837758040957278,0.872664625997165,0.907571211037051,0.942477796076938,0.977384381116825,1.01229096615671,1.0471975511966,1.08210413623648,1.11701072127637,1.15191730631626,1.18682389135614,1.22173047639603,1.25663706143592,1.2915436464758,1.32645023151569,1.36135681655558,1.39626340159546,1.43116998663535,1.46607657167524,1.50098315671512,1.53588974175501,1.5707963267949,1.46,72.2083806964463,69.0620012605107,10.5424010952803,133.9909313,155.282364459791,166.615352666112,0.327758775750678,0.0588522599452385,111.17,4.64069788788461,2.20538996,240073038.004717,0.770465796075604,0.607557097734445,0.592010651855133,0.723273363178599,1.00079213644578,1.4240138763976,1.99238548777499,2.7053538753189,3.56236594377024,4.56286859786996,5.70630874235897,6.99213328197823,8.41978912146866,9.98872316557118,11.6983823190267,13.5482134865763,15.5376635729607,17.666179482921,19.933208121198,22.3381963925327,10069.4676207969,10070.5642450589,10071.6608693209,13140.0155542926,,,,,0.0106700328776868,0.00841394159340768,0.0081986418493978,0.0100164739356106,0.0138597781419994,0.0197208947585177,0.0275921640751189,0.0374659263817564,0.0493345219683837,0.0631902911249541,0.0790255741414211,0.0968327113077381,0.116604042913859,0.138331909249736,0.162008650605323,0.187626607270575,0.215178119535443,0.244655527689882,0.276051172023845,0.309357392827285,139.450123706936,139.465310645784,139.480497584632,181.973552481829,,,,,0.0111561463903907,0.00879727037510342,0.00857216184080727,0.0104728121105312,0.0144912125073043,0.0206193543541554,0.0288492289741136,0.0391728276902078,0.051582141825467,0.0660691627029202,0.0826258816455963,0.101244289976524,0.121916379018733,0.144634140095252,0.16938956452911,0.196174643643336,0.224981368760958,0.255801731205006,0.288627722298509,0.323451333364496,145.803299021319,145.819177858334,145.83505669535,190.264042664024,,,,,28483.8331437614,65.8464107652153,117.543590522793,0,0.002,0.004,0.006,0.008,0.01,0.012,0.014,0.016,0.018,0.02,0.022,0.024,0.026,0.028,0.03,0.032,0.034,0.036,0.038,9.2,9.201,9.202,12,,,,,121.2,1.0477966039214,78.2666666666667,1.04089605017324,55.1666666666667,0.903226526379203,,,,,,,,,3.0609422,6.656421192,64.05374464,57.95942087,B
789,0.168,10.77,129.536560014274,0.0405680525370068,13.91,121.211741335725,0.0457056479590417,12.9,0.992025608945098,99.3407088739372,75.1358030994126,72.547593975233,86.1336099284288,85.8716649144422,93.3333333333333,1.16198009448549,B,0.0114830595656063,0.0114412907370649,0.0113930648668128,0.0113383819548502,0.011277242001177,0.0112096450057932,0.0111355909686989,0.011055079889894,0.0109681117693785,0.0108746866071524,0.0107748044032158,0.0106684651575686,0.0105556688702108,0.0104364155411424,0.0103107051703635,0.010178537757874,0.0100399133036739,0.00989483180776321,0.00974329327014197,0.00958529769081016,0.00942084506976778,0.00924993540701482,0.00907256870255128,0.00888874495637718,0.00869846416849249,0.00850172633889724,0.0082985314675914,0.008088879554575,0.00787277059984802,0.00765020460341046,0.00742118156526233,0.523598775598299,0.558505360638185,0.593411945678072,0.628318530717959,0.663225115757845,0.698131700797732,0.733038285837618,0.767944870877505,0.802851455917392,0.837758040957278,0.872664625997165,0.907571211037051,0.942477796076938,0.977384381116825,1.01229096615671,1.0471975511966,1.08210413623648,1.11701072127637,1.15191730631626,1.18682389135614,1.22173047639603,1.25663706143592,1.2915436464758,1.32645023151569,1.36135681655558,1.39626340159546,1.43116998663535,1.46607657167524,1.50098315671512,1.53588974175501,1.5707963267949,1.94,75.1350101187524,86.1335300949503,6.74051265871682,210.3667618,166.561728459258,186.453564156701,0.263236339873726,0.0780088481935994,136.96,5.64192923,2.40868486,398716770.450251,1.01018871117251,0.821550937286062,1.02346916530789,1.59893346292174,2.53093389781136,3.80246053766051,5.39650345015294,7.29605270297239,9.48409836380262,11.9436305003274,14.6576391802304,17.6091144711955,20.7810464409064,24.1564251570468,27.7182406873005,31.4494830993512,35.3331424608827,39.3522088395787,43.4896723031231,47.7285229191995,52.0517507554916,56.4423458796834,60.8832983594584,20639.1425438844,20641.3900611237,20643.637578363,26932.1908138358,,0.0134449800376134,0.0109343292293111,0.0136217345773997,0.0212808045196852,0.0336851474939734,0.0506083719380705,0.0718240862897823,0.0971058989869148,0.126227418467274,0.158962253168666,0.195084011528896,0.234366301985771,0.276582732977097,0.321506912940679,0.368912450314324,0.418572953535837,0.470262031043024,0.523753291273692,0.578820342665647,0.635236793656693,0.692776252684638,0.751212328187287,0.810318628602447,274.694080845452,274.723993894452,274.753906943451,358.450618044357,,0.0117281703194901,0.00953810828814766,0.0118823548063066,0.0185634265907729,0.0293838403583524,0.044146112825851,0.0626527607100747,0.0847063007278293,0.110109249595921,0.138664124031155,0.170173440750337,0.204439716470275,0.241265467907772,0.280453211779636,0.321805464802672,0.365124743693687,0.410213565169485,0.456874445946873,0.504909902742657,0.554122452273643,0.604314611256636,0.655288896408443,0.706847824445869,239.61798060677,239.644074013563,239.670167420356,312.67951962664,,63739.783498525,78.569483758488,137.584430513859,0,0.002,0.004,0.006,0.008,0.01,0.012,0.014,0.016,0.018,0.02,0.022,0.024,0.026,0.028,0.03,0.032,0.034,0.036,0.038,0.04,0.042,0.044,9.2,9.201,9.202,12,,132.966666666667,1.14952163174986,84.0333333333333,1.11758898743047,62.1666666666667,1.01783533033064,,,,,,,,,3.153077578,9.312746546,93.65412121,51.20655097,B
791,0.157,9.1,126.030234538615,0.0286859544898863,12.72,125.095720976525,0.0444928500576882,15.5,0.949039524524505,106.40880799874,89.7816281142476,84.6107424112247,80.9118767472153,80.6187381693255,79.9333333333333,0.995152952348641,D,0.0107897357037508,0.0107580640887115,0.0107207078789625,0.0106776670745038,0.0106289416753352,0.0105745316814569,0.0105144370928688,0.0104486579095709,0.0103771941315633,0.0103000457588459,0.0102172127914187,0.0101286952292817,0.0100344930724349,0.00993460632087842,0.00982903497461213,0.00971777903363605,0.00960083849795021,0.00947821336755458,0.00934990364244919,0.00921590932263401,0.00907623040810906,0.00893086689887434,0.00877981879492984,0.00862308609627557,0.00846066880291152,0.0082925669148377,0.0081187804320541,0.00793930935456072,0.00775415368235758,0.00756331341544465,0.00736678855382195,0.523598775598299,0.558505360638185,0.593411945678072,0.628318530717959,0.663225115757845,0.698131700797732,0.733038285837618,0.767944870877505,0.802851455917392,0.837758040957278,0.872664625997165,0.907571211037051,0.942477796076938,0.977384381116825,1.01229096615671,1.0471975511966,1.08210413623648,1.11701072127637,1.15191730631626,1.18682389135614,1.22173047639603,1.25663706143592,1.2915436464758,1.32645023151569,1.36135681655558,1.39626340159546,1.43116998663535,1.46607657167524,1.50098315671512,1.53588974175501,1.5707963267949,1.82,89.7800376206836,80.9117873981439,7.00347545975598,257.6890424,154.170264674862,179.873783639765,0.341044061006291,0.085148412297443,132.49,4.37598976875,1.76704121,530288360.257202,0.764716370894145,0.602451570640619,0.806164192506451,1.3610560157637,2.25232881968443,3.4651843835407,4.98482448660456,6.79645090814808,8.88526542744331,11.2364698237623,13.8352658763772,16.6668553645599,19.7164400675826,22.9692217647173,26.4104022352361,30.025183258411,33.7987666135141,37.7163540798174,41.7631474365931,45.9243484631131,50.1851589386496,54.5307806424746,58.9464153538601,63.4172648520782,21004.1049984877,21006.3925848501,21008.6801712125,27409.3468132955,0.00851766596629237,0.00671030650695368,0.00897932562595325,0.0151598958057258,0.0250871895287059,0.0385963792773282,0.0555226375340274,0.0757011367812382,0.0989670495013952,0.125155548176933,0.154101805290286,0.18564099332389,0.219608284760178,0.255838852081586,0.294167867770548,0.334430504309499,0.376461934180873,0.420097329867106,0.465171863850631,0.511520708613883,0.558979036639298,0.607382020409309,0.656564832406352,0.70636264511286,233.950726187363,233.976206087161,234.001685986959,305.294445621628,0.00945123566645726,0.00744578249984919,0.00996349504108154,0.0168214800281983,0.0278368441992433,0.0428266942922606,0.0616081370452942,0.083998279196388,0.109814227483586,0.138873088644932,0.17099196941847,0.205987976542244,0.243678216754298,0.283879796792676,0.326409823395422,0.37108540330058,0.417723643246193,0.466141649970306,0.516156530210963,0.567585390706208,0.620245338194084,0.673953479412636,0.728526921099907,0.783782769993942,259.592646188032,259.620918785091,259.64919138215,338.755917953238,60914.8566102584,80.132115439571,124.217982661535,0,0.002,0.004,0.006,0.008,0.01,0.012,0.014,0.016,0.018,0.02,0.022,0.024,0.026,0.028,0.03,0.032,0.034,0.036,0.038,0.04,0.042,0.044,0.046,9.2,9.201,9.202,12,118.766666666667,1.02675998343563,74.8333333333333,0.995234937239746,59.3666666666667,0.971991808750067,3111.11587145652,0.084133837372984,0.046,0.47922085067246,0.47922085067246,-145,100,-45,3.816447043,12.66804005,98.91704545,58.46637802,D
792,0.146,11.34,105.19466259742,0.0311607462065522,8.4,126.085844362836,0.0446450629432542,10.5,0.883598343919396,75.6780506235894,102.996056031203,96.9627019557704,53.2501991001281,53.1033695566738,79.8666666666667,0.994322966566866,D,0.00939430687859245,0.00939214791086632,0.00937516787690948,0.00940663691206596,0.00943002514128967,0.0094453325645806,0.00945255918193877,0.00945170499336415,0.00944276999885677,0.00942575419841661,0.00940065759204369,0.00936748017973798,0.00932622196149951,0.00927688293732826,0.00921946310722424,0.00915396247118744,0.00908038102921787,0.00899871878131553,0.00890897572748042,0.00881115186771253,0.00870524720201188,0.00859126173037844,0.00846919545281224,0.00833904836931326,0.00820082047988151,0.00805451178451698,0.00790012228321968,0.00773765197598961,0.00756710086282677,0.00738846894373116,0.00720175621870277,0.523598775598299,0.558505360638185,0.593411945678072,0.628318530717959,0.663225115757845,0.698131700797732,0.733038285837618,0.767944870877505,0.802851455917392,0.837758040957278,0.872664625997165,0.907571211037051,0.942477796076938,0.977384381116825,1.01229096615671,1.0471975511966,1.08210413623648,1.11701072127637,1.15191730631626,1.18682389135614,1.22173047639603,1.25663706143592,1.2915436464758,1.32645023151569,1.36135681655558,1.39626340159546,1.43116998663535,1.46607657167524,1.50098315671512,1.53588974175501,1.5707963267949,1.56,102.994199943122,53.250154352728,,,153.818178073248,180.983337121502,0.343975314227808,0.0742781274173888,120.743,4.41035629274194,1.50054064,282922351.983576,0.379119022027452,0.519834791017338,0.784588201953539,1.17268569803351,1.6834337224547,2.31613871841455,3.07010712911054,3.9446453977401,4.93905996750068,6.05265728158975,7.28474378320475,8.63462591554313,10.1016101218023,11.6850028451798,13.3841105288731,15.1982396160795,17.1266965499966,19.1687877738218,21.3238197307525,23.5910988639862,25.9699316167204,28.4596244321525,31.0594837534799,11391.0936850752,11392.3344157428,11393.5751464105,14865.1395544412,,0.00368097448435756,0.00504722393401197,0.00761779015116217,0.0113859391954219,0.0163449371264049,0.0224880500037249,0.0298085438869956,0.0382996848358308,0.0479547389098442,0.0587669721686495,0.0707296506718606,0.083836040479091,0.0980794076499545,0.113453018244065,0.129950138321036,0.147564033940482,0.166287971162015,0.18611521604525,0.207039034649801,0.229052693035282,0.252149457261305,0.276322593387485,0.301565367473435,110.599370560342,110.611417167513,110.623463774684,144.329870639807,,0.00711958541032904,0.009762127402936,0.0147340080322855,0.0220222027952381,0.0316136871886542,0.0434954367093943,0.0576544268543188,0.0740776331202881,0.0927520310041628,0.113664596002803,0.13680230361307,0.162152129331824,0.189701048655925,0.219436037082233,0.25134407010761,0.285412123228915,0.321627171943009,0.359976191746753,0.400446158137006,0.443024046610631,0.487696832664486,0.534451491795432,0.583274999500331,213.916632233981,213.939932272876,213.963232311772,279.156741142473,,34369.9359503433,71.7417125289756,127.421072248305,0,0.002,0.004,0.006,0.008,0.01,0.012,0.014,0.016,0.018,0.02,0.022,0.024,0.026,0.028,0.03,0.032,0.034,0.036,0.038,0.04,0.042,0.044,9.2,9.201,9.202,12,,122.166666666667,1.05615361753904,71.7333333333333,0.954006942066785,57.2333333333333,0.937063411355342,,0.034741748471522,0.044,0.47934869951559,0.47934869951559,-145,100,-45,,,,,
793,0.157,8.87,118.886782587305,0.034785485428799,11.04,136.501383485734,0.0489015112917588,10,,95.090068855424,72.1673803756155,68.6125692716917,63.894309589842,63.732488833112,88.1333333333333,1.09724120350701,D,,,,,,,,,,,,,,,,,,,,,,,,,,,,,,,,,,,,,,,,,,,,,,,,,,,,,,,,,,,,,,,1.74,72.1662885124543,63.8942602756059,5.28838293036146,130.5332814,167.962993654575,194.433689152796,0.315175038082914,0.0711856938418052,121.74,4.964802504375,2.2934308,690300237.78812,1.34294988045094,1.12733110127097,1.29684079605065,1.84837238837337,2.77881930182254,4.08507495998156,5.76403278643384,7.81258620476279,10.2276286385518,13.0060535113843,16.1447542468437,19.6406242685133,23.4905569999766,27.6914458648171,32.240184286618,37.1336656889628,42.368783495435,47.9424311296178,53.8515020150948,60.0928895754493,66.6634872342647,73.5601884151245,80.779886541612,31599.6515714711,31603.0940190086,31606.536466546,41238.5046762636,,0.0186091027837627,0.0156212980396854,0.0179701744787227,0.0256126846270386,0.0385057810107966,0.0566064161561608,0.0798715425892949,0.108258112836363,0.141723079423528,0.180223394876955,0.223716011722806,0.272157882487247,0.32550595969644,0.38371719587655,0.44674854355374,0.514556955254175,0.587099383504017,0.664332780829431,0.746214099756581,0.83270029281163,0.923748312520742,1.01931511141008,1.11935764200581,437.872755033227,437.920456634742,437.968158236257,571.437239274772,,0.0210183179937942,0.0176436990804537,0.0202966712574301,0.0289286139380982,0.0434909065358326,0.0639349284640078,0.0902120591359985,0.122273677965179,0.160071164364925,0.20355589774861,0.252679257529608,0.307392623121296,0.367647373937046,0.433394889390234,0.504586548894235,0.581173731862423,0.663107817708172,0.750340185844857,0.842822215685854,0.940505286644536,1.04334077813428,1.15128006956845,1.26427454036044,494.561662270868,494.61553952874,494.669416786612,645.417984313186,,69383.8851397909,89.2769751526147,138.435360586412,0,0.002,0.004,0.006,0.008,0.01,0.012,0.014,0.016,0.018,0.02,0.022,0.024,0.026,0.028,0.03,0.032,0.034,0.036,0.038,0.04,0.042,0.044,9.2,9.201,9.202,12,,125.233333333333,1.08266552280878,77.5,1.03069987932401,59.5,0.974174833587237,,,,,,,,,2.585055961,5.568649341,66.79338712,54.64946486,D
794,0.145,7.52,138.854501921125,0.0323770490071333,9.14,111.811935709394,0.0397901701781369,10.5,0.920540701856856,,65.7348940702887,60.1057523493177,65.0108416538396,64.9137106284744,85.1333333333333,1.05989184332712,D,0.00984032524608779,0.0098503499916412,0.00985495894815448,0.00985415211562761,0.0098479294940606,0.00983629108345345,0.00981923688380616,0.00979676689511873,0.00976888111739115,0.00973557955062344,0.00969686219481559,0.00965272904996759,0.00960318011607946,0.00954821539315118,0.00948783488118276,0.0094220385801742,0.0093508264901255,0.00927419861103666,0.00919215494290768,0.00910469548573855,0.00901182023952929,0.00891352920427988,0.00880982237999033,0.00870069976666065,0.00858616136429082,0.00846620717288085,0.00834083719243074,0.00821005142294049,0.0080738498644101,0.00793223251683957,0.00778519938022889,0.523598775598299,0.558505360638185,0.593411945678072,0.628318530717959,0.663225115757845,0.698131700797732,0.733038285837618,0.767944870877505,0.802851455917392,0.837758040957278,0.872664625997165,0.907571211037051,0.942477796076938,0.977384381116825,1.01229096615671,1.0471975511966,1.08210413623648,1.11701072127637,1.15191730631626,1.18682389135614,1.22173047639603,1.25663706143592,1.2915436464758,1.32645023151569,1.36135681655558,1.39626340159546,1.43116998663535,1.46607657167524,1.50098315671512,1.53588974175501,1.5707963267949,1.54,65.7331542953412,65.0108120586688,8.21726250812351,177.2823003,152.391960238078,167.351061866395,0.416857040378942,0.0546707683284493,100.65,4.13269253982759,1.91851459,500491265.342448,0.804395279304782,0.781215391387511,1.07561781685138,1.67471210973785,2.56560782408842,3.73541451394456,5.17124173334775,6.86019903633945,8.78939597696116,10.9459421092543,13.3169469872605,15.8895201650211,18.6507711965775,21.5878096359714,24.6877450372441,27.9376869544372,31.3247449415921,34.8360285527503,38.4586473419533,42.1797108632425,45.9863286706595,49.8656103182456,53.8046653600424,57.7906033500915,19031.063443486,19033.1361218667,19035.2088002474,24834.5629094675,0.0122372840300742,0.0118846478578753,0.0163633987807521,0.0254774341455351,0.0390306512990547,0.0568269475881413,0.0786702203596254,0.104364366960337,0.133713284737107,0.166520871036766,0.202591023206144,0.241727638592071,0.283734614541378,0.328415848400895,0.375575237517453,0.425016679237882,0.476544070909012,0.529961309877675,0.585072293490699,0.641680919094917,0.699591084037157,0.758606685664251,0.818531621323029,0.879169788360321,289.520009308831,289.551541013082,289.583072717333,377.808781210848,0.0123732538301299,0.0120166994788883,0.0165452142926731,0.0257605167003069,0.0394643251306121,0.057458358012411,0.0795443337745262,0.10552397084578,0.135198987654995,0.168371102630993,0.204842034202597,0.24441350079863,0.286887220847914,0.33206491277927,0.379748295021523,0.429739086003493,0.481839004154004,0.535849767901878,0.591573095675937,0.648810705905004,0.707364317017902,0.767035647443451,0.827626415610477,0.888938339947799,292.736897768813,292.768779825275,292.800661881737,382.00665586296,56105.8716295937,58.816863733711,119.666542538929,0,0.002,0.004,0.006,0.008,0.01,0.012,0.014,0.016,0.018,0.02,0.022,0.024,0.026,0.028,0.03,0.032,0.034,0.036,0.038,0.04,0.042,0.044,0.046,9.2,9.201,9.202,12,119,1.0287771936192,76.0666666666667,1.01163747295372,53.5666666666667,0.877030228333159,3918.17321004502,0.0575726590741233,0.046,1.93330776320373,1.93330776320373,-145,100,-45,3.37012007,8.452212728,72.21089969,40.33355936,D
795,0.133,8.7,135.722810855618,0.0308652528511596,10.12,137.276618397389,0.037530381885761,10.3,0.82721679572649,93.8172465661552,79.7746308062689,76.3180503455587,76.3155288990779,76.1361020675212,85,1.05823187176357,D,0.00820436370879187,0.00826121040931122,0.00850838973861765,0.00851935506575034,0.0085184465575466,0.00851436870382928,0.00850712150459838,0.00849670495985391,0.00848311906959586,0.00846636383382423,0.00844643925253903,0.00842334532574025,0.00839708205342789,0.00836764943560196,0.00833504747226245,0.00829927616340937,0.00826033550904271,0.00821822550916247,0.00817294616376866,0.00812449747286127,0.0080728794364403,0.00801809205450576,0.00796013532705763,0.00789900925409594,0.00783471383562067,0.00776724907163182,,,,,,0.698131700797732,0.733038285837618,0.767944870877505,0.802851455917392,0.837758040957278,0.872664625997165,0.907571211037051,0.942477796076938,0.977384381116825,1.01229096615671,1.0471975511966,1.08210413623648,1.11701072127637,1.15191730631626,1.18682389135614,1.22173047639603,1.25663706143592,1.2915436464758,1.32645023151569,1.36135681655558,1.39626340159546,1.43116998663535,1.46607657167524,1.50098315671512,1.53588974175501,1.5707963267949,,,,,,1.66,79.7735701810734,76.3154742211152,5.88165398805245,193.6836904,169.060306355426,190.761481772242,0.295451826924329,0.0685862975411813,119.1,5.56947336112903,2.34689877,276024474.50171,0.447640514760281,0.508113765337871,0.704940071413387,1.04172204171586,1.52206228497431,2.14956340991777,2.92782802527528,3.86045873977584,4.9510581621485,6.20322890112228,7.62057356542621,9.20669476378932,10.9651951049406,12.8996771976092,15.013743650524,17.3109970724141,19.7950400720085,22.4694752580362,25.3379052392263,28.4039326243079,31.6711600220098,35.1431900410612,38.8236252901911,42.7160683781285,13160.3997883573,13161.832869829,13163.2659513008,17173.0279092088,0.00561138875625357,0.00636944998430599,0.00883676222354452,0.0130584859039318,0.0190797814554303,0.0269458093080027,0.0367017298916116,0.0483927036362195,0.062063890971789,0.0777604523282828,0.0955275481356633,0.115410338823893,0.137453984822935,0.161703646562752,0.188204484473305,0.217001658984559,0.248140330526475,0.281665659529015,0.317622806422143,0.356056931635822,0.397013195600012,0.440536758744678,0.486672781499782,0.535466424295287,164.971929405758,164.989893770001,165.007858134245,215.272149287399,0.00586565856176553,0.00665806994615103,0.00923718392119147,0.0136502072790322,0.0199443468118184,0.0281668093116956,0.038364801570809,0.050585530381304,0.0648762025353257,0.0812840248250198,0.0998562040425312,0.120639946980006,0.143682460429588,0.169030951183424,0.196732626033659,0.226834691772438,0.259384355191906,0.294428823084209,0.332015302241492,0.372190999455901,0.41500312151958,0.460498875224675,0.508725467363332,0.559730104727695,172.447330278347,172.466108664858,172.48488705137,225.026812510553,41471.0182645556,88.8315617775209,144.399168549283,0,0.002,0.004,0.006,0.008,0.01,0.012,0.014,0.016,0.018,0.02,0.022,0.024,0.026,0.028,0.03,0.032,0.034,0.036,0.038,0.04,0.042,0.044,0.046,9.2,9.201,9.202,12,123.366666666667,1.06652784134024,78.4666666666667,1.04355592082956,60.2333333333333,0.986181470191673,2763.37726061194,0.0568721048695021,0.046,0.454857203251029,0.454857203251029,-145,100,-45,3.39797804,8.973434667,80.59987558,56.51641359,D
796,0.153,11,143.766149674976,0.0315523544789,15.03,131.468969993528,0.0566432801253632,11,0.968203332999058,101.021143790946,98.6679947847221,92.7940783390911,75.0975857240469,74.9166098893747,78.7,0.979798215385797,B,0.0113699062085223,0.0112909299703614,0.0112084831852618,0.0111225658532234,0.0110331779742463,0.0109403195483304,0.0108439905754758,0.0107441910556824,0.0106409209889503,0.0105341803752794,0.0104239692146698,0.0103102875071215,0.0101931352526343,0.0100725124512085,0.00994841910284388,0.00982085520754052,0.00968982076529842,0.00955531577611756,0.00941734023999796,0.00927589415693962,0.00913097752694252,0.00898259035000667,0.00883073262613208,0.00867540435531873,0.00851660553756665,0.00835433617287581,0.00818859626124622,0.00801938580267788,0.0078467047971708,0.00767055324472496,0.00749093114534038,0.523598775598299,0.558505360638185,0.593411945678072,0.628318530717959,0.663225115757845,0.698131700797732,0.733038285837618,0.767944870877505,0.802851455917392,0.837758040957278,0.872664625997165,0.907571211037051,0.942477796076938,0.977384381116825,1.01229096615671,1.0471975511966,1.08210413623648,1.11701072127637,1.15191730631626,1.18682389135614,1.22173047639603,1.25663706143592,1.2915436464758,1.32645023151569,1.36135681655558,1.39626340159546,1.43116998663535,1.46607657167524,1.50098315671512,1.53588974175501,1.5707963267949,1.93,98.66618745217,75.0975305735055,4.8200855746323,177.86163295692,166.948987388005,191.671392773045,0.346792085535888,0.0694383766441863,157.13,5.68666778692308,2.74206406,404504372.192585,0.710719954049264,0.875983015664817,1.32830169013543,2.06155952503283,3.06964006792874,4.34642686639489,5.88580346800302,7.68165342032484,9.72786027093207,12.0183075673965,14.5468788572897,17.3074576881836,20.2939276076498,23.5001721632601,26.9200749025862,30.5475193731997,34.3763891226725,38.4005676985763,42.6139386484828,47.0103855199637,51.5837918605908,56.3280412179357,20871.6348067605,20873.9077273765,20876.1806479926,27235.8125317666,,,0.00720327776315262,0.00887824936064814,0.0134625825162176,0.0208942858568667,0.031111368009601,0.0440518376014265,0.0596537032593487,0.0778549736103733,0.098593657281506,0.121807762899753,0.147435299092119,0.17541427448561,0.205682697707233,0.238178577383992,0.272839922142893,0.309604740610943,0.348411041415146,0.389196833182509,0.431900124540037,0.476458924114736,0.522811240533611,0.570895082423669,211.537866676751,211.560903146232,211.583939615714,276.039981224263,,,0.00946395904927408,0.0116646048009183,0.0176876879970812,0.0274517618527413,0.0408753795828769,0.0578770944024665,0.0783754595264885,0.102289028169921,0.129536353547743,0.160035988874933,0.193706487366469,0.230466402237329,0.270234286702492,0.312928693976936,0.35846817727564,0.406771289813582,0.45775658480574,0.511342615467094,0.567447935012621,0.625991096657299,0.686890653616107,0.750065159104024,277.92704563476,277.957311884512,277.987578134264,362.67254493952,,,51722.2992808784,90.46823300963,136.91744072836,0,0.002,0.004,0.006,0.008,0.01,0.012,0.014,0.016,0.018,0.02,0.022,0.024,0.026,0.028,0.03,0.032,0.034,0.036,0.038,0.04,0.042,9.2,9.201,9.202,12,,,110,0.950970515110185,72.6,0.965533048244172,72.8,1.19193156109497,,,,,,,,,,,,,
798,0.139,7.83,149.577949718053,0.0360863795571799,11.56,136.001219962628,0.0369013638527591,9.3,0.928570378669259,89.1249730041888,61.4092564297751,59.1780521189426,88.6606285410484,88.338177316637,79.6333333333333,0.991418016330652,D,0.0096316197794232,0.00964604505972882,0.00965659244212192,0.00966326192660251,0.00966605351317058,0.00966496720182614,0.00966000299256917,0.00965116088539969,0.0096384408803177,0.00962184297732318,0.00960136717641615,0.00957701347759661,0.00954878188086455,0.00951667238621997,0.00948068499366287,0.00944081970319326,0.00939707651481113,0.00934945542851648,0.00929795644430932,0.00924257956218964,0.00918332478215745,0.00912019210421273,0.0090531815283555,0.00898229305458576,0.0089075266829035,0.00882888241330872,0.00874636024580142,0.00865996018038161,0.00856968221704928,0.00847552635580444,0.00837749259664707,0.523598775598299,0.558505360638185,0.593411945678072,0.628318530717959,0.663225115757845,0.698131700797732,0.733038285837618,0.767944870877505,0.802851455917392,0.837758040957278,0.872664625997165,0.907571211037051,0.942477796076938,0.977384381116825,1.01229096615671,1.0471975511966,1.08210413623648,1.11701072127637,1.15191730631626,1.18682389135614,1.22173047639603,1.25663706143592,1.2915436464758,1.32645023151569,1.36135681655558,1.39626340159546,1.43116998663535,1.46607657167524,1.50098315671512,1.53588974175501,1.5707963267949,1.61,61.4085726112515,88.6605302572099,6.76005295059572,201.3083635,160.021873913803,189.376564955401,0.270390571902327,0.0853126283947042,114.79,4.8871842396,2.35146876,300296915.405086,0.9766122718465,0.753536409591223,0.870616932519765,1.31006950903561,2.05410980754225,3.08495349644317,4.38481624414185,5.93591371904178,7.72046158954645,9.72067552405935,11.9187711909839,14.2969642587238,16.8374703956822,19.5225052702629,22.3342845508692,25.2550239059047,28.2669390037727,31.3522455128769,34.4931591016207,37.6718954384076,40.8706701916411,44.0716990297246,47.2571976210617,13832.658033677,13834.1636685676,13835.6693034583,18048.4357274759,,0.0159035168921605,0.0122708667136998,0.0141774494260146,0.0213336583693133,0.0334498868838044,0.0502365283096962,0.0714039759871971,0.0966626232565155,0.12572286345786,0.158295089931439,0.194089696017461,0.232817075056133,0.274187620387666,0.317911725352266,0.363699783290144,0.411262187541506,0.460309331446561,0.510551608345518,0.561699411578585,0.61346313448597,0.665553170407883,0.717679912684531,0.769553754656123,225.256140070947,225.280658388612,225.305176706278,293.907429533202,,0.0110151864534679,0.00849911913909341,0.00981966755662355,0.0147762426553847,0.0231682553847033,0.0347951166939056,0.0494562375323181,0.0669510288492671,0.0870789015940791,0.10963926671608,0.134431535164597,0.161255117888956,0.189909425838484,0.220193869962506,0.251907861210349,0.28485081053134,0.318822128874805,0.353621227190071,0.389047516426463,0.424900407533308,0.460979311459932,0.497083639155663,0.533012801569825,156.018219082917,156.035201102834,156.052183122751,203.567874849341,,49602.5584887164,72.8440030781283,138.595245079546,0,0.002,0.004,0.006,0.008,0.01,0.012,0.014,0.016,0.018,0.02,0.022,0.024,0.026,0.028,0.03,0.032,0.034,0.036,0.038,0.04,0.042,0.044,9.2,9.201,9.202,12,,129.633333333333,1.12070434341318,78.9333333333333,1.04976228569431,59.1666666666667,0.968717271494311,2992.07816727615,0.0563584853116795,0.044,1.78570149746782,1.78570149746782,-145,100,-45,3.451825261,9.134531317,79.9267351,55.35712609,D
800,0.141,7.45,123.765603931418,0.0281122284615952,10,129.819712596266,0.0700907302399185,9.8,0.912156549671054,,75.0026120810093,72.4487679400273,40.3789298464666,40.2741694700406,90.6,1.1279506774327,D,0.00994886863885912,0.00992146409152984,0.00989118895846119,0.00985804323965316,0.00982202693510576,0.00978314004481898,0.00974138256879282,0.00969675450702729,0.00964925585952239,0.00959888662627811,0.00954564680729445,0.00948953640257142,0.00943055541210902,0.00936870383590724,0.00930398167396608,0.00923638892628555,0.00916592559286565,0.00909259167370636,0.00901638716880771,0.00893731207816968,0.00885536640179227,0.00877055013967549,0.00868286329181933,0.0085923058582238,0.00849887783888889,0.00840257923381461,0.00830341004300095,0.00820137026644792,0.00809645990415551,0.00798867895612373,0.00787802742235257,0.523598775598299,0.558505360638185,0.593411945678072,0.628318530717959,0.663225115757845,0.698131700797732,0.733038285837618,0.767944870877505,0.802851455917392,0.837758040957278,0.872664625997165,0.907571211037051,0.942477796076938,0.977384381116825,1.01229096615671,1.0471975511966,1.08210413623648,1.11701072127637,1.15191730631626,1.18682389135614,1.22173047639603,1.25663706143592,1.2915436464758,1.32645023151569,1.36135681655558,1.39626340159546,1.43116998663535,1.46607657167524,1.50098315671512,1.53588974175501,1.5707963267949,1.57,75.0018296815766,40.3788979208268,6.80594979121516,196.3937096,164.269381193573,186.098049897461,0.261706239416107,0.0720493489644321,115.55,5.60376433071429,2.22398738,292442850.270076,0.607976795558826,0.739005693911538,1.081558482899,1.63168212644748,2.38542358848325,3.33882983293257,4.48794782372172,5.82882452477697,7.35750690002458,9.07004191339082,10.962476528802,13.0308577101843,15.271232421464,17.6796476265675,20.2521502894209,22.9847873739506,25.8736058440828,28.9146526637438,32.1039747968599,35.4376192073572,38.9116328591622,14725.4889488394,14727.0922877144,14728.6956265894,19214.8377988014,,,,0.00810615951824132,0.00985316887666632,0.0144204279747681,0.0217552309506962,0.0318048719426001,0.0445166450886294,0.0598378445269335,0.077715764395662,0.0980976988329643,0.12093094197699,0.146162787965889,0.17374053093781,0.203611465030903,0.235722884383317,0.270022083133202,0.306456355418708,0.344972995377984,0.385519297149179,0.428042554870443,0.472490062679926,0.518809114715776,196.335062909226,196.356440239377,196.377817569527,256.19158733032,,,,0.0150567951792771,0.0183017796909799,0.0267852402762372,0.040409278372253,0.0590759954162316,0.0826874928453769,0.111145872096893,0.144353234607984,0.182211681815855,0.224623315157708,0.271490236070749,0.322714545992182,0.37819834635921,0.437843738609037,0.501552824178868,0.569227704505908,0.640770481027359,0.716083255180426,0.795068128402314,0.877627202130225,0.963662577801365,364.682784996076,364.722492342179,364.762199688282,475.863354083537,,,,44306.7039606667,90.3109562696053,103.418624929145,0,0.002,0.004,0.006,0.008,0.01,0.012,0.014,0.016,0.018,0.02,0.022,0.024,0.026,0.028,0.03,0.032,0.034,0.036,0.038,0.04,9.2,9.201,9.202,12,,,,127.833333333333,1.10514300771138,78.5666666666667,1.04488585615772,63.7333333333333,1.04348587216739,3277.7219307765,0.0502475042948588,0.04,0.470442175832464,0.470442175832464,-145,105,-45,3.559766486,9.374834142,72.67738735,NaN,D
797,,,,,,,,,0.968203332999058,,,,,,,,,0.0113699062085223,0.0112909299703614,0.0112084831852618,0.0111225658532234,0.0110331779742463,0.0109403195483304,0.0108439905754758,0.0107441910556824,0.0106409209889503,0.0105341803752794,0.0104239692146698,0.0103102875071215,0.0101931352526343,0.0100725124512085,0.00994841910284388,0.00982085520754052,0.00968982076529842,0.00955531577611756,0.00941734023999796,0.00927589415693962,0.00913097752694252,0.00898259035000667,0.00883073262613208,0.00867540435531873,0.00851660553756665,0.00835433617287581,0.00818859626124622,0.00801938580267788,0.0078467047971708,0.00767055324472496,0.00749093114534038,0.523598775598299,0.558505360638185,0.593411945678072,0.628318530717959,0.663225115757845,0.698131700797732,0.733038285837618,0.767944870877505,0.802851455917392,0.837758040957278,0.872664625997165,0.907571211037051,0.942477796076938,0.977384381116825,1.01229096615671,1.0471975511966,1.08210413623648,1.11701072127637,1.15191730631626,1.18682389135614,1.22173047639603,1.25663706143592,1.2915436464758,1.32645023151569,1.36135681655558,1.39626340159546,1.43116998663535,1.46607657167524,1.50098315671512,1.53588974175501,1.5707963267949,1.93,,,,96.89973694,,,,,,,,,,,,,,,,,,,,,,,,,,,,,,,,,,,,,,,,,,,,,,,,,,,,,,,,,,,,,,,,,,,,,,,,,,,,,,,,,,,,,,,,,,,,,,,,,,,,,,,,,,,,,,,,,,,,,,,,,,,,,,,,,,,,,,,,,,1.873659931,3.064154087,70.57213066,52.34256155,B
